Opportunity Name,Explorer,Opportunity Record Type,Close Date,Stage,Probability (%),Quantity,Sales Price,Product Code,Price Book Entry Id
Susan Johanson - Milford Track - 2026,Susan Johanson,Individual Opportunity,1/1/2026,New,10,1,2500,MTT,01u0a00000I4Jy2AAF
Nicole Grace - Milford Track - 2026,Nicole Grace,Individual Opportunity,1/1/2026,New,10,1,2500,MTT,01u0a00000I4Jy2AAF
Benjamin Young - Milford Track - 2026,Benjamin Young,Individual Opportunity,1/1/2026,New,10,1,2500,MTT,01u0a00000I4Jy2AAF
Robert Janzen - Milford Track - 2026,Robert Janzen,Individual Opportunity,1/1/2026,New,10,1,2500,MTT,01u0a00000I4Jy2AAF
Chip Colli - Milford Track - 2026,Chip Colli,Individual Opportunity,1/1/2026,New,10,1,2500,MTT,01u0a00000I4Jy2AAF
Niki Sullivan - Milford Track - 2026,Niki Sullivan,Individual Opportunity,1/1/2026,New,10,1,2500,MTT,01u0a00000I4Jy2AAF
Jon Allegri - Milford Track - 2026,Jon Allegri,Individual Opportunity,1/1/2026,New,10,1,2500,MTT,01u0a00000I4Jy2AAF
Kari Rende - Milford Track - 2026,Kari Rende,Individual Opportunity,1/1/2026,New,10,1,2500,MTT,01u0a00000I4Jy2AAF
Mike Malmin - Milford Track - 2026,Mike Malmin,Individual Opportunity,1/1/2026,New,10,1,2500,MTT,01u0a00000I4Jy2AAF
Troy Bullock - Milford Track - 2026,Troy Bullock,Individual Opportunity,1/1/2026,New,10,1,2500,MTT,01u0a00000I4Jy7AAF
Hamid Basirat - Milford Track - 2026,Hamid Basirat,Individual Opportunity,1/1/2026,New,10,1,2500,MTT,01u0a00000I4Jy7AAF
Bree Reitz - Milford Track - 2026,Bree Reitz,Individual Opportunity,1/1/2026,New,10,1,2500,MTT,01u0a00000I4Jy7AAF
Hollie Everhart - Milford Track - 2026,Hollie Everhart,Individual Opportunity,1/1/2026,New,10,1,2500,MTT,01u0a00000I4Jy7AAF
Marci Viviano - Milford Track - 2026,Marci Viviano,Individual Opportunity,1/1/2026,New,10,1,2500,MTT,01u0a00000I4Jy7AAF
Lloyd Archibald - Milford Track - 2026,Lloyd Archibald,Individual Opportunity,1/1/2026,New,10,1,2500,MTT,01u0a00000I4Jy7AAF
Bob Hodges - Machu Picchu - 2026,Bob Hodges,Individual Opportunity,3/1/2026,New,10,1,2500,MPT,01u0a00000I4JxxAAF
Karen Wells - Machu Picchu - 2026,Karen Wells,Individual Opportunity,3/1/2026,New,10,1,2500,MPT,01u0a00000I4JxxAAF
Mike Welch - Machu Picchu - 2026,Mike Welch,Individual Opportunity,3/1/2026,New,10,1,2500,MPT,01u0a00000I4JxxAAF
Wes Hardin - Machu Picchu - 2026,Wes Hardin,Individual Opportunity,3/1/2026,New,10,1,2500,MPT,01u0a00000I4JxxAAF
May Chan - Machu Picchu - 2026,May Chan,Individual Opportunity,3/1/2026,New,10,1,2500,MPT,01u0a00000I4JxxAAF
Sarah Phillips - Machu Picchu - 2026,Sarah Phillips,Individual Opportunity,3/1/2026,New,10,1,2500,MPT,01u0a00000I4JxxAAF
Marc Benioff - Machu Picchu - 2026,Marc Benioff,Individual Opportunity,3/1/2026,New,10,1,2500,MPT,01u0a00000I4JxxAAF
Emilee Kendra - Machu Picchu - 2026,Emilee Kendra,Individual Opportunity,3/1/2026,New,10,1,2500,MPT,01u0a00000I4JxxAAF
Brad Anastasio - Machu Picchu - 2026,Brad Anastasio,Individual Opportunity,3/1/2026,New,10,1,2500,MPT,01u0a00000I4JxxAAF
Chris Post - Machu Picchu - 2026,Chris Post,Individual Opportunity,3/1/2026,New,10,1,2500,MPT,01u0a00000I4JxxAAF
Wes Chopra - Machu Picchu - 2026,Wes Chopra,Individual Opportunity,3/1/2026,New,10,1,2500,MPT,01u0a00000I4JxxAAF
Greg Walker - Machu Picchu - 2026,Greg Walker,Individual Opportunity,3/1/2026,New,10,1,2500,MPT,01u0a00000I4JxsAAF
Mary McDaniel - Machu Picchu - 2026,Mary McDaniel,Individual Opportunity,3/1/2026,New,10,1,2500,MPT,01u0a00000I4JxsAAF
Doug Hart - Machu Picchu - 2026,Doug Hart,Individual Opportunity,3/1/2026,New,10,1,2500,MPT,01u0a00000I4JxsAAF
Jason Brennaman - Machu Picchu - 2026,Jason Brennaman,Individual Opportunity,3/1/2026,New,10,1,2500,MPT,01u0a00000I4JxsAAF
Al Miller - Machu Picchu - 2026,Al Miller,Individual Opportunity,3/1/2026,New,10,1,2500,MPT,01u0a00000I4JxsAAF
Andy Peterson - Machu Picchu - 2026,Andy Peterson,Individual Opportunity,3/1/2026,New,10,1,2500,MPT,01u0a00000I4JxsAAF
Anne Frost - Machu Picchu - 2026,Anne Frost,Individual Opportunity,3/1/2026,New,10,1,2500,MPT,01u0a00000I4JxsAAF
Stacy McNeil - Machu Picchu - 2026,Stacy McNeil,Individual Opportunity,3/1/2026,New,10,1,2500,MPT,01u0a00000I4JxsAAF
Robert Simpson - Machu Picchu - 2026,Robert Simpson,Individual Opportunity,3/1/2026,New,10,1,2500,MPT,01u0a00000I4JxsAAF
Gabe Hotkins - Half Dome - 2026,Gabe Hotkins,Individual Opportunity,4/1/2026,New,10,1,400,HDH,01u0a00000I4JyHAAV
Lance Gonzales - Half Dome - 2026,Lance Gonzales,Individual Opportunity,4/1/2026,New,10,1,400,HDH,01u0a00000I4JyHAAV
Steve Sutherland - Half Dome - 2026,Steve Sutherland,Individual Opportunity,4/1/2026,New,10,1,400,HDH,01u0a00000I4JyHAAV
Heath Axworth - Half Dome - 2026,Heath Axworth,Individual Opportunity,4/1/2026,New,10,1,400,HDH,01u0a00000I4JyHAAV
Mina Passini - Half Dome - 2026,Mina Passini,Individual Opportunity,4/1/2026,New,10,1,400,HDH,01u0a00000I4JyHAAV
Duncan Macintosh - Half Dome - 2026,Duncan Macintosh,Individual Opportunity,4/1/2026,New,10,1,400,HDH,01u0a00000I4JyCAAV
Daryl Distributor - Half Dome - 2026,Daryl Distributor,Individual Opportunity,4/1/2026,New,10,1,400,HDH,01u0a00000I4JyCAAV
David Adelson - Half Dome - 2026,David Adelson,Individual Opportunity,4/1/2026,New,10,1,400,HDH,01u0a00000I4JyCAAV
Mark Smith - Half Dome - 2026,Mark Smith,Individual Opportunity,4/1/2026,New,10,1,400,HDH,01u0a00000I4JyCAAV
Mike Garcia - Half Dome - 2026,Mike Garcia,Individual Opportunity,4/1/2026,New,10,1,400,HDH,01u0a00000I4JyCAAV
Deanna Collins - Half Dome - 2026,Deanna Collins,Individual Opportunity,4/1/2026,New,10,1,400,HDH,01u0a00000I4JyCAAV
