ERRORS,Opportunity Name,Explorer,Opportunity Record Type,Close Date,Stage,Probability (%),Quantity,Sales Price,Product Code
"ERROR: Error: You can't select adventures until you've chosen a price book for this opportunity on the adventures related list.",Susan Johanson - Milford Track - 2026,Susan Johanson,Individual Opportunity,1/1/2026,New,10,1,2500,MTT
"ERROR: Error: You can't select adventures until you've chosen a price book for this opportunity on the adventures related list.",Nicole Grace - Milford Track - 2026,Nicole Grace,Individual Opportunity,1/1/2026,New,10,1,2500,MTT
"ERROR: Error: You can't select adventures until you've chosen a price book for this opportunity on the adventures related list.",Benjamin Young - Milford Track - 2026,Benjamin Young,Individual Opportunity,1/1/2026,New,10,1,2500,MTT
"ERROR: Error: You can't select adventures until you've chosen a price book for this opportunity on the adventures related list.",Robert Janzen - Milford Track - 2026,Robert Janzen,Individual Opportunity,1/1/2026,New,10,1,2500,MTT
"ERROR: Error: You can't select adventures until you've chosen a price book for this opportunity on the adventures related list.",Chip Colli - Milford Track - 2026,Chip Colli,Individual Opportunity,1/1/2026,New,10,1,2500,MTT
"ERROR: Error: You can't select adventures until you've chosen a price book for this opportunity on the adventures related list.",Niki Sullivan - Milford Track - 2026,Niki Sullivan,Individual Opportunity,1/1/2026,New,10,1,2500,MTT
"ERROR: Error: You can't select adventures until you've chosen a price book for this opportunity on the adventures related list.",Jon Allegri - Milford Track - 2026,Jon Allegri,Individual Opportunity,1/1/2026,New,10,1,2500,MTT
"ERROR: Error: You can't select adventures until you've chosen a price book for this opportunity on the adventures related list.",Kari Rende - Milford Track - 2026,Kari Rende,Individual Opportunity,1/1/2026,New,10,1,2500,MTT
"ERROR: Error: You can't select adventures until you've chosen a price book for this opportunity on the adventures related list.",Mike Malmin - Milford Track - 2026,Mike Malmin,Individual Opportunity,1/1/2026,New,10,1,2500,MTT
"ERROR: Error: You can't select adventures until you've chosen a price book for this opportunity on the adventures related list.",Troy Bullock - Milford Track - 2026,Troy Bullock,Individual Opportunity,1/1/2026,New,10,1,2500,MTT
"ERROR: Error: You can't select adventures until you've chosen a price book for this opportunity on the adventures related list.",Hamid Basirat - Milford Track - 2026,Hamid Basirat,Individual Opportunity,1/1/2026,New,10,1,2500,MTT
"ERROR: Error: You can't select adventures until you've chosen a price book for this opportunity on the adventures related list.",Bree Reitz - Milford Track - 2026,Bree Reitz,Individual Opportunity,1/1/2026,New,10,1,2500,MTT
"ERROR: Error: You can't select adventures until you've chosen a price book for this opportunity on the adventures related list.",Hollie Everhart - Milford Track - 2026,Hollie Everhart,Individual Opportunity,1/1/2026,New,10,1,2500,MTT
"ERROR: Error: You can't select adventures until you've chosen a price book for this opportunity on the adventures related list.",Marci Viviano - Milford Track - 2026,Marci Viviano,Individual Opportunity,1/1/2026,New,10,1,2500,MTT
"ERROR: Error: You can't select adventures until you've chosen a price book for this opportunity on the adventures related list.",Lloyd Archibald - Milford Track - 2026,Lloyd Archibald,Individual Opportunity,1/1/2026,New,10,1,2500,MTT
"ERROR: Error: You can't select adventures until you've chosen a price book for this opportunity on the adventures related list.",Bob Hodges - Machu Picchu - 2026,Bob Hodges,Individual Opportunity,3/1/2026,New,10,1,2500,MPT
"ERROR: Error: You can't select adventures until you've chosen a price book for this opportunity on the adventures related list.",Karen Wells - Machu Picchu - 2026,Karen Wells,Individual Opportunity,3/1/2026,New,10,1,2500,MPT
"ERROR: Error: You can't select adventures until you've chosen a price book for this opportunity on the adventures related list.",Mike Welch - Machu Picchu - 2026,Mike Welch,Individual Opportunity,3/1/2026,New,10,1,2500,MPT
"ERROR: Error: You can't select adventures until you've chosen a price book for this opportunity on the adventures related list.",Wes Hardin - Machu Picchu - 2026,Wes Hardin,Individual Opportunity,3/1/2026,New,10,1,2500,MPT
"ERROR: Error: You can't select adventures until you've chosen a price book for this opportunity on the adventures related list.",May Chan - Machu Picchu - 2026,May Chan,Individual Opportunity,3/1/2026,New,10,1,2500,MPT
"ERROR: Error: You can't select adventures until you've chosen a price book for this opportunity on the adventures related list.",Sarah Phillips - Machu Picchu - 2026,Sarah Phillips,Individual Opportunity,3/1/2026,New,10,1,2500,MPT
"ERROR: Error: You can't select adventures until you've chosen a price book for this opportunity on the adventures related list.",Marc Benioff - Machu Picchu - 2026,Marc Benioff,Individual Opportunity,3/1/2026,New,10,1,2500,MPT
"ERROR: Error: You can't select adventures until you've chosen a price book for this opportunity on the adventures related list.",Emilee Kendra - Machu Picchu - 2026,Emilee Kendra,Individual Opportunity,3/1/2026,New,10,1,2500,MPT
"ERROR: Error: You can't select adventures until you've chosen a price book for this opportunity on the adventures related list.",Brad Anastasio - Machu Picchu - 2026,Brad Anastasio,Individual Opportunity,3/1/2026,New,10,1,2500,MPT
"ERROR: Error: You can't select adventures until you've chosen a price book for this opportunity on the adventures related list.",Chris Post - Machu Picchu - 2026,Chris Post,Individual Opportunity,3/1/2026,New,10,1,2500,MPT
"ERROR: Error: You can't select adventures until you've chosen a price book for this opportunity on the adventures related list.",Wes Chopra - Machu Picchu - 2026,Wes Chopra,Individual Opportunity,3/1/2026,New,10,1,2500,MPT
"ERROR: Error: You can't select adventures until you've chosen a price book for this opportunity on the adventures related list.",Greg Walker - Machu Picchu - 2026,Greg Walker,Individual Opportunity,3/1/2026,New,10,1,2500,MPT
"ERROR: Error: You can't select adventures until you've chosen a price book for this opportunity on the adventures related list.",Mary McDaniel - Machu Picchu - 2026,Mary McDaniel,Individual Opportunity,3/1/2026,New,10,1,2500,MPT
"ERROR: Error: You can't select adventures until you've chosen a price book for this opportunity on the adventures related list.",Doug Hart - Machu Picchu - 2026,Doug Hart,Individual Opportunity,3/1/2026,New,10,1,2500,MPT
"ERROR: Error: You can't select adventures until you've chosen a price book for this opportunity on the adventures related list.",Jason Brennaman - Machu Picchu - 2026,Jason Brennaman,Individual Opportunity,3/1/2026,New,10,1,2500,MPT
"ERROR: Error: You can't select adventures until you've chosen a price book for this opportunity on the adventures related list.",Al Miller - Machu Picchu - 2026,Al Miller,Individual Opportunity,3/1/2026,New,10,1,2500,MPT
"ERROR: Error: You can't select adventures until you've chosen a price book for this opportunity on the adventures related list.",Andy Peterson - Machu Picchu - 2026,Andy Peterson,Individual Opportunity,3/1/2026,New,10,1,2500,MPT
"ERROR: Error: You can't select adventures until you've chosen a price book for this opportunity on the adventures related list.",Anne Frost - Machu Picchu - 2026,Anne Frost,Individual Opportunity,3/1/2026,New,10,1,2500,MPT
"ERROR: Error: You can't select adventures until you've chosen a price book for this opportunity on the adventures related list.",Stacy McNeil - Machu Picchu - 2026,Stacy McNeil,Individual Opportunity,3/1/2026,New,10,1,2500,MPT
"ERROR: Error: You can't select adventures until you've chosen a price book for this opportunity on the adventures related list.",Robert Simpson - Machu Picchu - 2026,Robert Simpson,Individual Opportunity,3/1/2026,New,10,1,2500,MPT
"ERROR: Error: You can't select adventures until you've chosen a price book for this opportunity on the adventures related list.",Gabe Hotkins - Half Dome - 2026,Gabe Hotkins,Individual Opportunity,4/1/2026,New,10,1,400,HDH
"ERROR: Error: You can't select adventures until you've chosen a price book for this opportunity on the adventures related list.",Lance Gonzales - Half Dome - 2026,Lance Gonzales,Individual Opportunity,4/1/2026,New,10,1,400,HDH
"ERROR: Error: You can't select adventures until you've chosen a price book for this opportunity on the adventures related list.",Steve Sutherland - Half Dome - 2026,Steve Sutherland,Individual Opportunity,4/1/2026,New,10,1,400,HDH
"ERROR: Error: You can't select adventures until you've chosen a price book for this opportunity on the adventures related list.",Heath Axworth - Half Dome - 2026,Heath Axworth,Individual Opportunity,4/1/2026,New,10,1,400,HDH
"ERROR: Error: You can't select adventures until you've chosen a price book for this opportunity on the adventures related list.",Mina Passini - Half Dome - 2026,Mina Passini,Individual Opportunity,4/1/2026,New,10,1,400,HDH
"ERROR: Error: You can't select adventures until you've chosen a price book for this opportunity on the adventures related list.",Duncan Macintosh - Half Dome - 2026,Duncan Macintosh,Individual Opportunity,4/1/2026,New,10,1,400,HDH
"ERROR: Error: You can't select adventures until you've chosen a price book for this opportunity on the adventures related list.",Daryl Distributor - Half Dome - 2026,Daryl Distributor,Individual Opportunity,4/1/2026,New,10,1,400,HDH
"ERROR: Error: You can't select adventures until you've chosen a price book for this opportunity on the adventures related list.",David Adelson - Half Dome - 2026,David Adelson,Individual Opportunity,4/1/2026,New,10,1,400,HDH
"ERROR: Error: You can't select adventures until you've chosen a price book for this opportunity on the adventures related list.",Mark Smith - Half Dome - 2026,Mark Smith,Individual Opportunity,4/1/2026,New,10,1,400,HDH
"ERROR: Error: You can't select adventures until you've chosen a price book for this opportunity on the adventures related list.",Mike Garcia - Half Dome - 2026,Mike Garcia,Individual Opportunity,4/1/2026,New,10,1,400,HDH
"ERROR: Error: You can't select adventures until you've chosen a price book for this opportunity on the adventures related list.",Deanna Collins - Half Dome - 2026,Deanna Collins,Individual Opportunity,4/1/2026,New,10,1,400,HDH
